78515	"技术的犬儒"	"2004年03月10日, 星期三 23:38"	1
78897	"ELHou的故事"	"2004年03月11日, 星期四 12:25"	1
79247	"生气了"	"2004年03月11日, 星期四 19:08"	1
82343	"软件工匠的三项素质"	"2004年03月14日, 星期日 12:45"	1
83301	"关于“信心的工程”"	"2004年03月15日, 星期一 10:37"	1
84973	"笑话两则"	"2004年03月16日, 星期二 16:34"	1
92081	"你叫我拿什么文档给你？"	"2004年03月25日, 星期四 19:39"	1
93354	"懒惰是一种美德"	"2004年03月26日, 星期五 16:49"	1
97126	"Re-inventing Wheels"	"2004年03月29日, 星期一 19:40"	1
118016	"完善自我"	"2004年04月15日, 星期四 22:18"	1
123973	"“我的”程序？"	"2004年04月20日, 星期二 21:39"	1
158782	"程序员这工作"	"2004年05月17日, 星期一 10:55"	1
180898	"写简历"	"2004年06月1日, 星期二 20:55"	1
181400	"做事·做人"	"2004年06月2日, 星期三 09:10"	1
184583	"幼儿园教育"	"2004年06月4日, 星期五 11:35"	1
192104	"对风车开战"	"2004年06月9日, 星期三 10:42"	1
193204	"偶像崇拜"	"2004年06月9日, 星期三 22:50"	1
252843	"学会盲从"	"2004年07月23日, 星期五 08:48"	1
298869	"为什么成员变量要加下划线"	"2004年08月26日, 星期四 17:34"	1
316092	"为什么VSS不好"	"2004年09月8日, 星期三 11:21"	1
317374	"技术好不好"	"2004年09月9日, 星期四 09:03"	1
460797	"写程序直至成精"	"2004年12月18日, 星期六 18:33"	1
653657	"技术 vs. 业务，huh？"	"2005年04月27日, 星期三 10:29"	1
805519	"差距咋就这么大咧？"	"2005年07月11日, 星期一 10:46"	1
891459	"谁受益，谁负责"	"2005年08月12日, 星期五 12:06"	1
934846	"程序员的严谨"	"2005年08月23日, 星期二 11:05"	1
1050912	"吾生也有涯，而知也无涯"	"2005年11月9日, 星期三 20:09"	1
1119727	"Always Nearly Done"	"2006年01月19日, 星期四 22:50"	1
1147920	"商业意识和自我意识"	"2006年03月9日, 星期四 21:28"	1
1204955	"一本正经地道听途说"	"2006年07月11日, 星期二 09:20"	1
1261542	"用五年时间跨越鸿沟"	"2007年02月6日, 星期二 19:18"	1
240516	"XSLT View"	"2004年07月14日, 星期三 16:26"	2
244543	"XUL第一步"	"2004年07月17日, 星期六 12:56"	2
248096	"XUL and Web Service"	"2004年07月19日, 星期一 23:28"	2
295248	"Curl的类型体系"	"2004年08月24日, 星期二 12:42"	2
304370	"由“Redirect After Get”想到的"	"2004年08月30日, 星期一 19:39"	2
579389	"Ajax，兼论八卦与buzzword"	"2005年03月16日, 星期三 11:41"	2
767886	"Martin Fowler on LOP"	"2005年06月20日, 星期一 17:55"	2
1114077	"随便想想"	"2006年01月12日, 星期四 18:25"	2
1159971	"跨越边界"	"2006年03月29日, 星期三 00:00"	2
1183629	"关于MDA与DSL的讨论摘录"	"2006年05月18日, 星期四 00:10"	2
1218630	"什么是DSL"	"2006年08月19日, 星期六 10:38"	2
82692	"关于“Unclosed Connection”：把client当白痴？"	"2004年03月14日, 星期日 17:47"	3
93784	"如何评价一个IoC容器？"	"2004年03月26日, 星期五 21:07"	3
97808	"The Dilemma of Exception"	"2004年03月30日, 星期二 10:22"	3
77332	"IoC容器和Dependency Injection模式"	"2004年03月9日, 星期二 21:33"	3
131489	"Service Oriented Architecture"	"2004年04月27日, 星期二 08:39"	3
165060	"如芒在背"	"2004年05月21日, 星期五 09:45"	3
166013	"J2EE应用的典型架构"	"2004年05月21日, 星期五 21:20"	3
167145	"PolyBloodyHardReuse"	"2004年05月22日, 星期六 19:11"	3
168486	"谁能给我一个DDD的例子？"	"2004年05月23日, 星期日 19:03"	3
168634	"有点开窍了"	"2004年05月23日, 星期日 20:58"	3
169972	"一个体系结构重构模式"	"2004年05月24日, 星期一 21:42"	3
363758	"以讹传讹"	"2004年10月16日, 星期六 21:13"	3
397578	"解构GoF"	"2004年11月8日, 星期一 17:39"	3
558125	"重读DDD之心得第一"	"2005年03月1日, 星期二 10:35"	3
656695	"设计模式是不是每天要用"	"2005年04月28日, 星期四 15:53"	3
944684	"Everything is ..."	"2005年08月30日, 星期二 17:11"	3
79397	"XP实践：每周40小时"	"2004年03月11日, 星期四 20:50"	4
77412	"SunToneAM，以及方法学的核心"	"2004年03月9日, 星期二 22:53"	4
101302	"不完美的XP实践"	"2004年04月1日, 星期四 19:40"	4
101505	"关于敏捷方法的以讹传讹"	"2004年04月1日, 星期四 22:25"	4
125664	"有趣的争执"	"2004年04月22日, 星期四 13:32"	4
130680	"单元测试呀同志哥"	"2004年04月26日, 星期一 16:07"	4
131093	"试试XP吧"	"2004年04月26日, 星期一 20:46"	4
131144	"第一步：SCM"	"2004年04月26日, 星期一 21:23"	4
132910	"需求分析的最佳工具"	"2004年04月28日, 星期三 10:24"	4
103079	"Where Is The“X”"	"2004年04月4日, 星期日 13:36"	4
453833	"RUP的精髓"	"2004年12月14日, 星期二 13:46"	4
576358	"Fail Fast"	"2005年03月14日, 星期一 11:55"	4
753015	"推荐两篇对XP的批评"	"2005年06月13日, 星期一 09:38"	4
771309	"略解踌躇"	"2005年06月22日, 星期三 14:59"	4
1086987	"敏捷?管窥?再认识"	"2005年12月10日, 星期六 13:18"	4
1171101	"作为常识的敏捷"	"2006年04月18日, 星期二 20:42"	4
1182821	"不必关心敏捷的六大理由"	"2006年05月16日, 星期二 10:45"	4
1189488	"火花：敏捷是一条线段"	"2006年05月31日, 星期三 12:14"	4
1189509	"火花：思考者钟情火花"	"2006年05月31日, 星期三 12:52"	4
1224434	"误解，微软，从善如流（？）"	"2006年09月5日, 星期二 18:16"	4
77694	"JSR-175 (Meta-data) Sample"	"2004年03月10日, 星期三 08:41"	5
82654	"X档案：基于XML的Java持久化方案"	"2004年03月14日, 星期日 17:18"	5
85309	"直接调用ProxyFactoryBean"	"2004年03月16日, 星期二 20:45"	5
121606	"什么是portal"	"2004年04月18日, 星期日 23:26"	5
121827	"Spring结合Hibernate的标准做法"	"2004年04月19日, 星期一 08:41"	5
130736	"JOTM初接触"	"2004年04月26日, 星期一 16:45"	5
162487	"JSR 170"	"2004年05月19日, 星期三 16:36"	5
163642	"最简单的O/R Mapping"	"2004年05月20日, 星期四 10:29"	5
194767	"JDBC 4.0"	"2004年06月10日, 星期四 22:47"	5
181943	"Java规则引擎"	"2004年06月2日, 星期三 17:35"	5
183479	"学习CLISP一天"	"2004年06月3日, 星期四 17:47"	5
189620	"什么是规则"	"2004年06月7日, 星期一 22:26"	5
238366	"XMLSPY 2004 HE"	"2004年07月12日, 星期一 22:19"	5
259808	"Why WebWork Differences"	"2004年07月28日, 星期三 19:30"	5
260454	"What's New in Spring 1.1"	"2004年07月29日, 星期四 08:52"	5
231146	"Autoboxing surprises"	"2004年07月7日, 星期三 09:32"	5
268452	"轻量级的JMS消费者"	"2004年08月3日, 星期二 21:18"	5
359677	"体验Avalon"	"2004年10月13日, 星期三 21:40"	5
404281	"整合MVNForum与Roller的用户"	"2004年11月12日, 星期五 10:31"	5
420159	"又发现一个不错的CMS"	"2004年11月22日, 星期一 17:01"	5
422731	"基于Spring的安全框架"	"2004年11月24日, 星期三 19:02"	5
425536	"AcegiSecurity用法"	"2004年11月26日, 星期五 17:25"	5
447706	"Java各版本发布时间及代号"	"2004年12月10日, 星期五 11:56"	5
558209	"关于JDO的小道消息"	"2005年03月1日, 星期二 11:36"	5
783924	"JavaNG"	"2005年06月30日, 星期四 12:04"	5
805461	"Java的前世今生"	"2005年07月11日, 星期一 10:27"	5
808206	"What's New In Mustang and Dolphin"	"2005年07月12日, 星期二 11:30"	5
800873	"Annotation Sucks?!"	"2005年07月9日, 星期六 17:23"	5
926015	"Annotation vs. Configuration"	"2005年08月17日, 星期三 11:03"	5
956903	"Mustang Preview Ready"	"2005年09月6日, 星期二 11:09"	5
1128229	"Hibernate EntityManager Events"	"2006年02月6日, 星期一 20:48"	5
80855	"Sun JAF，以及概念完整性"	"2004年03月12日, 星期五 22:25"	6
88855	"To EJB Or Not To EJB, That Is A Question"	"2004年03月22日, 星期一 22:11"	6
125219	"伟大的Hello World"	"2004年04月21日, 星期三 22:56"	6
126536	"WebLogic Workshop真漂亮"	"2004年04月23日, 星期五 08:40"	6
126892	"Dissecting EJB"	"2004年04月23日, 星期五 14:01"	6
127189	"entity bean还不弱？！"	"2004年04月23日, 星期五 17:35"	6
150845	"EJB 3.0，大鼓励"	"2004年05月11日, 星期二 14:03"	6
236653	"Entity Bean的依赖注入"	"2004年07月11日, 星期日 16:46"	6
239902	"魔法数"	"2004年07月14日, 星期三 09:11"	6
229822	"EJB 3.0 Early Access"	"2004年07月6日, 星期二 08:32"	6
289587	"J2EE Development without EJB"	"2004年08月19日, 星期四 21:18"	6
294232	"J2EE Development without EJB动态"	"2004年08月23日, 星期一 16:56"	6
300224	"最后一块拼图"	"2004年08月27日, 星期五 16:07"	6
376634	"循证架构"	"2004年10月25日, 星期一 23:00"	6
379154	"可爱的EJB拥趸"	"2004年10月27日, 星期三 17:11"	6
349130	"惟名论"	"2004年10月5日, 星期二 10:42"	6
400804	"高速公路上的电动车"	"2004年11月10日, 星期三 11:50"	6
431792	"EJB 2.x已死"	"2004年11月30日, 星期二 15:53"	6
396976	"将来过去时"	"2004年11月8日, 星期一 11:38"	6
742131	"循证潮流的引领者"	"2005年06月7日, 星期二 15:43"	6
851149	"without EJB，一年间"	"2005年07月28日, 星期四 18:17"	6
879893	"别了，EJB 2.x"	"2005年08月8日, 星期一 16:08"	6
198759	"ASP.NET, Web Application"	"2004年06月13日, 星期日 23:24"	7
202591	"More On ASP.NET"	"2004年06月16日, 星期三 16:54"	7
212078	"终于走出NHibernate第一步"	"2004年06月23日, 星期三 10:27"	7
214518	"NHibernate Attributes"	"2004年06月24日, 星期四 21:03"	7
215723	"NHibernate实体配置自动生成"	"2004年06月25日, 星期五 16:06"	7
1210468	"NAnt不能构建VS2005的项目"	"2006年07月26日, 星期三 20:11"	7
338298	"大学教育"	"2004年09月22日, 星期三 20:07"	8
343668	"四种基本的序列操作"	"2004年09月28日, 星期二 15:10"	8
344907	"基本的序列操作（续）"	"2004年09月29日, 星期三 16:00"	8
353808	"实现列表管道结构"	"2004年10月9日, 星期六 16:45"	8
816942	"数据即操作·寓意深刻"	"2005年07月15日, 星期五 14:00"	8
816992	"数据即操作·实例"	"2005年07月15日, 星期五 14:19"	8
826179	"宏论·注脚"	"2005年07月19日, 星期二 09:38"	8
847571	"A functional-programming view of time"	"2005年07月27日, 星期三 09:32"	8
850297	"数据即操作·丘奇代数"	"2005年07月28日, 星期四 10:50"	8
852970	"函数式编程的一大好处"	"2005年07月29日, 星期五 13:25"	8
864934	"流与非确定性运算"	"2005年08月3日, 星期三 13:26"	8
870414	"Servlet with Scheme: Say Hello"	"2005年08月5日, 星期五 12:34"	8
882434	"Servlet with Scheme: One Input Form"	"2005年08月9日, 星期二 13:38"	8
883172	"[zz]Continuation-based web programming"	"2005年08月9日, 星期二 17:37"	8
1156596	"今日读书有收获"	"2006年03月23日, 星期四 02:36"	8
1158187	"Partial Invocation As Lambda"	"2006年03月25日, 星期六 20:12"	8
617985	"Ruby on Rails"	"2005年04月8日, 星期五 17:53"	9
790844	"Groovy也要on Rails了"	"2005年07月4日, 星期一 14:49"	9
943050	"Metadata in Ruby"	"2005年08月29日, 星期一 11:22"	9
971880	"Object.method_missing"	"2005年09月16日, 星期五 11:26"	9
980091	"WEBrick's Deadlock Bug And Solution"	"2005年09月23日, 星期五 13:17"	9
957403	"RoR，再往前走一步"	"2005年09月6日, 星期二 16:41"	9
1001382	"Why Ruby on Rails"	"2005年10月12日, 星期三 09:04"	9
1058407	"Interesting Thread on RoR"	"2005年11月13日, 星期日 14:16"	9
1033265	"厦门Ruby学习组"	"2005年11月2日, 星期三 08:47"	9
1033489	"How hot Rails is?"	"2005年11月2日, 星期三 10:56"	9
1129175	"Why Ruby Over Java"	"2006年02月8日, 星期三 13:42"	9
1198163	"RoR Book Is Coming"	"2006年06月22日, 星期四 13:17"	9
1198591	"《应用Rails进行敏捷Web开发》样章试读"	"2006年06月23日, 星期五 14:50"	9
1200040	"Ruby/Rails书讯"	"2006年06月27日, 星期二 15:05"	9
1200784	"Rails on Mongrel"	"2006年06月29日, 星期四 14:15"	9
1201516	"学习散记：Ruby，Eclipse"	"2006年07月1日, 星期六 16:50"	9
1208404	"《应用Rails进行敏捷Web开发》上市"	"2006年07月20日, 星期四 11:46"	9
1208634	"Ruby完全读书指南"	"2006年07月21日, 星期五 08:44"	9
1211714	"中国的Ruby on Rails案例"	"2006年07月30日, 星期日 17:59"	9
1227212	"时间不够，只争朝夕"	"2006年09月14日, 星期四 21:36"	9
1261338	"AWDWR II is coming"	"2007年02月5日, 星期一 13:21"	9
1261872	"Programming Ruby中文版先读为快"	"2007年02月8日, 星期四 19:53"	9
96165	"媒介决定论的反动"	"2004年03月28日, 星期日 23:43"	10
98550	"Cool时代的写作"	"2004年03月30日, 星期二 20:01"	10
113564	"传媒泛滥的季节"	"2004年04月12日, 星期一 19:18"	10
114682	"大众传播第一课：理解媒介"	"2004年04月13日, 星期二 16:21"	10
116294	"大众传播第二课：媒介的温度"	"2004年04月14日, 星期三 16:17"	10
129667	"人气的价值"	"2004年04月25日, 星期日 19:48"	10
130161	"按需出版"	"2004年04月26日, 星期一 09:05"	10
134128	"论DDJ China的倒掉"	"2004年04月29日, 星期四 21:32"	10
151122	"广告，又见广告"	"2004年05月11日, 星期二 17:41"	10
189199	"草根的反感"	"2004年06月7日, 星期一 17:37"	10
277842	"最糟糕的BLOG站点"	"2004年08月10日, 星期二 22:48"	10
466285	"手足无措"	"2004年12月22日, 星期三 11:02"	10
502491	"树人"	"2005年01月17日, 星期一 11:13"	10
515040	"Java.CSDN.net"	"2005年01月28日, 星期五 11:32"	10
517727	"网站主编的必要素养"	"2005年01月30日, 星期日 11:59"	10
517732	"两道面试题"	"2005年01月30日, 星期日 12:07"	10
517736	"编辑部管理的12法则"	"2005年01月30日, 星期日 12:14"	10
591871	"一个关于传媒的笑话"	"2005年03月25日, 星期五 14:37"	10
597781	"如何报道新技术[CSDN讨论稿]"	"2005年03月28日, 星期一 11:08"	10
636389	"语文课的吊诡"	"2005年04月18日, 星期一 17:47"	10
638342	"作文考级，以及再论语文课的吊诡"	"2005年04月19日, 星期二 18:51"	10
702738	"三论语文课的吊诡"	"2005年05月20日, 星期五 18:31"	10
723969	"渴望对手"	"2005年05月29日, 星期日 22:39"	10
806164	"切莫鄙视草根的智慧"	"2005年07月11日, 星期一 15:33"	10
966224	"Forum is Dead"	"2005年09月12日, 星期一 08:17"	10
970607	"论坛的七宗罪（一）"	"2005年09月15日, 星期四 12:48"	10
972323	"论坛的七宗罪（二）"	"2005年09月16日, 星期五 16:51"	10
977935	"论坛的七宗罪（三）"	"2005年09月21日, 星期三 14:07"	10
1228506	"空谈不误国，意见有力量"	"2006年09月18日, 星期一 23:02"	10
79280	"G-Roller的故事"	"2004年03月11日, 星期四 19:38"	11
81955	"上海，非常开心的聚会"	"2004年03月13日, 星期六 22:35"	11
107029	"羡慕"	"2004年04月7日, 星期三 16:01"	11
107282	"""Horrible"" Open Source"	"2004年04月7日, 星期三 19:30"	11
110102	"G-Roller框架使用手册"	"2004年04月9日, 星期五 17:15"	11
203173	"每天一小时，我做不到吗？"	"2004年06月16日, 星期三 23:55"	11
206211	"CVS搞定，G-Roller项目重开"	"2004年06月19日, 星期六 00:03"	11
188898	"有趣的调查"	"2004年06月7日, 星期一 14:45"	11
230514	"笨蛋小贼"	"2004年07月6日, 星期二 17:09"	11
276667	"参与开源"	"2004年08月10日, 星期二 09:35"	11
344568	"赚钱之道"	"2004年09月29日, 星期三 08:54"	11
530835	"G-Roller失败的原因"	"2005年02月9日, 星期三 21:04"	11
614195	"为了放弃的努力"	"2005年04月6日, 星期三 18:22"	11
1217775	"Ubuntu-ing"	"2006年08月16日, 星期三 19:08"	11
1220104	"硒元素上铁道"	"2006年08月23日, 星期三 17:00"	11
1220340	"CCMon 0.0.1"	"2006年08月24日, 星期四 11:06"	11
1222828	"Selenium的家"	"2006年08月31日, 星期四 16:52"	11
1214661	"セレニウム"	"2006年08月8日, 星期二 08:48"	11
1225330	"Selenium团队全家福"	"2006年09月8日, 星期五 18:54"	11
1260620	"最后一个壁垒"	"2007年01月31日, 星期三 19:38"	11
92093	"科比的肩膀"	"2004年03月25日, 星期四 19:46"	12
98688	"你打哪个位置"	"2004年03月30日, 星期二 21:33"	12
155077	"惊心动魄"	"2004年05月14日, 星期五 11:36"	12
290642	"NBA不行了？"	"2004年08月20日, 星期五 17:31"	12
654097	"那个最恶心的家伙去了"	"2005年04月27日, 星期三 14:03"	12
1121923	"看你飞翔"	"2006年01月23日, 星期一 21:59"	12
1164110	"Zoom Kobe I"	"2006年04月5日, 星期三 13:02"	12
1177035	"还活着，还站着"	"2006年05月2日, 星期二 00:20"	12
80628	"Tom DeMarco的三本书"	"2004年03月12日, 星期五 19:26"	13
84570	"《软件工艺》书评集粹"	"2004年03月16日, 星期二 10:41"	13
87888	"与熊共舞"	"2004年03月22日, 星期一 11:33"	13
95012	"“程序员修炼之道”？"	"2004年03月27日, 星期六 20:32"	13
95598	"Why Eclipse Jolts?"	"2004年03月28日, 星期日 12:53"	13
95958	"Extensible IDEs vs. Eclipse"	"2004年03月28日, 星期日 21:18"	13
98239	"拿到了《与熊共舞》"	"2004年03月30日, 星期二 16:43"	13
101458	"Eclipse的异常处理"	"2004年04月1日, 星期四 21:46"	13
126911	"“与风险共舞”有奖征文"	"2004年04月23日, 星期五 14:18"	13
157890	"今日购书"	"2004年05月16日, 星期日 17:05"	13
174501	"又见枫林晚"	"2004年05月28日, 星期五 11:01"	13
201462	"模式宝库"	"2004年06月15日, 星期二 21:48"	13
217255	"从“OO的价值”说起"	"2004年06月26日, 星期六 16:56"	13
221169	"新居一角，我的书架"	"2004年06月29日, 星期二 15:32"	13
187684	"“坎普”的风格"	"2004年06月6日, 星期日 16:43"	13
243470	"Contributing to Eclipse翻译进度"	"2004年07月16日, 星期五 17:22"	13
245145	"贡献，张力"	"2004年07月17日, 星期六 21:00"	13
228298	"作为程序员的阅读"	"2004年07月4日, 星期日 22:57"	13
234110	"以美的名义"	"2004年07月9日, 星期五 12:34"	13
276623	"选择你的红皮书"	"2004年08月10日, 星期二 09:18"	13
302494	"重读马基雅维利"	"2004年08月29日, 星期日 12:07"	13
302516	"信？达？雅？"	"2004年08月29日, 星期日 12:43"	13
266837	"《机械公敌》观后感"	"2004年08月2日, 星期一 20:09"	13
272329	"超越阐释"	"2004年08月6日, 星期五 13:38"	13
275165	"我的藏书章：琴心透月"	"2004年08月9日, 星期一 09:02"	13
320425	"知识分子的良知"	"2004年09月11日, 星期六 08:53"	13
307835	"彼处，他者"	"2004年09月2日, 星期四 09:26"	13
375610	"机械复制时代的艺术作品"	"2004年10月25日, 星期一 11:48"	13
466118	"行千里路，读一本书"	"2004年12月22日, 星期三 10:03"	13
468021	"成就渔者"	"2004年12月23日, 星期四 10:32"	13
480005	"你早晚会读到苏珊·桑塔格"	"2004年12月31日, 星期五 11:07"	13
506799	"最好的世界"	"2005年01月21日, 星期五 11:58"	13
551548	"“那本”J2EE书"	"2005年02月25日, 星期五 14:08"	13
580916	"DDD还差一口气"	"2005年03月17日, 星期四 11:22"	13
567276	"畅销书与存在主义的内省"	"2005年03月7日, 星期一 12:04"	13
796572	"银英作为科幻的硬伤"	"2005年07月7日, 星期四 15:33"	13
993743	"[摘]文心雕龙·练字"	"2005年10月6日, 星期四 10:07"	13
1035165	"J2EE的四书五经"	"2005年11月3日, 星期四 10:55"	13
1097121	"玄奘法师御弟考"	"2005年12月22日, 星期四 23:19"	13
1155212	"[推荐]Prefactoring"	"2006年03月20日, 星期一 22:50"	13
1220950	"读书大串联"	"2006年08月25日, 星期五 23:05"	13
1213635	"Don't Make Me Think"	"2006年08月4日, 星期五 19:49"	13
1225632	"病，趣味性，所谓浪漫，以及疗养"	"2006年09月9日, 星期六 20:18"	13
82960	"江南春"	"2004年03月14日, 星期日 23:06"	14
83455	"风花"	"2004年03月15日, 星期一 12:46"	14
112891	"春，风，回忆"	"2004年04月12日, 星期一 10:24"	14
178020	"雨中游宁波"	"2004年05月30日, 星期日 21:56"	14
265907	"旧友重逢"	"2004年08月2日, 星期一 09:12"	14
342408	"星巴克的风格"	"2004年09月27日, 星期一 14:56"	14
349084	"在北京"	"2004年10月5日, 星期二 09:01"	14
352366	"京城腐败记"	"2004年10月8日, 星期五 15:48"	14
496967	"三十万负翁是这样炼成的"	"2005年01月11日, 星期二 10:14"	14
587619	"三月·樱"	"2005年03月22日, 星期二 15:17"	14
602247	"春来了"	"2005年03月31日, 星期四 10:05"	14
1022752	"成为MF的同事"	"2005年10月27日, 星期四 00:03"	14
1056999	"随游：南山净业寺"	"2005年11月12日, 星期六 18:57"	14
1044300	"随游：小雁塔，兴善寺"	"2005年11月6日, 星期日 19:48"	14
1087046	"厦门心情"	"2005年12月10日, 星期六 14:50"	14
1150281	"[如梦令]忆临安"	"2006年03月12日, 星期日 23:12"	14
1178992	"这个假期"	"2006年05月6日, 星期六 22:38"	14
1194143	"乔迁新居，重见天日"	"2006年06月11日, 星期日 11:41"	14
1211330	"墨尔本的阳光"	"2006年07月29日, 星期六 10:33"	14
1218678	"我一个人……"	"2006年08月19日, 星期六 14:08"	14
1243971	"我的这一年"	"2006年11月18日, 星期六 15:24"	14
80887	"Windy姐，我应该开心吗？"	"2004年03月12日, 星期五 22:57"	15
89204	"炒冷饭的高手"	"2004年03月23日, 星期二 09:54"	15
114339	"什么叫人品问题"	"2004年04月13日, 星期二 10:18"	15
123101	"出离愤怒"	"2004年04月20日, 星期二 09:20"	15
128271	"喧宾夺主"	"2004年04月24日, 星期六 17:42"	15
171240	"已经不光是对错的问题"	"2004年05月25日, 星期二 20:22"	15
171866	"老·庄"	"2004年05月26日, 星期三 10:46"	15
172439	"新专利法案可能带来什么？"	"2004年05月26日, 星期三 17:38"	15
195299	"飚文？"	"2004年06月11日, 星期五 10:49"	15
195772	"国民劣根性？"	"2004年06月11日, 星期五 15:44"	15
200701	"概率问题"	"2004年06月15日, 星期二 11:26"	15
213000	"真想骂人"	"2004年06月23日, 星期三 21:05"	15
188017	"高尚之所以成为高尚……"	"2004年06月6日, 星期日 20:53"	15
248379	"谁需要银弹"	"2004年07月20日, 星期二 08:42"	15
254855	"谁在励你的志"	"2004年07月24日, 星期六 14:21"	15
233869	"你有资格批评谁？"	"2004年07月9日, 星期五 08:52"	15
320836	"这些评论……"	"2004年09月11日, 星期六 14:41"	15
474041	"JdonFramework架构分析"	"2004年12月27日, 星期一 18:21"	15
674435	"伏尔加河上的纤夫"	"2005年05月6日, 星期五 18:54"	15
781520	"瞎起什么破名字"	"2005年06月29日, 星期三 09:29"	15
1144781	"大嘴巴子妄想症"	"2006年03月4日, 星期六 22:20"	15
1181354	"越忠实越挨刀"	"2006年05月12日, 星期五 23:11"	15
1182460	"房价拷问智商"	"2006年05月15日, 星期一 15:36"	15
1182468	"房价拷问智商（续）"	"2006年05月15日, 星期一 15:56"	15
1198908	"造福社会还是伤天害理"	"2006年06月24日, 星期六 13:58"	15
1206626	"娱乐拷问智商"	"2006年07月15日, 星期六 13:44"	15
86245	"AOP的困境"	"2004年03月17日, 星期三 19:52"	16
89535	"More About AOP Dilema"	"2004年03月23日, 星期二 14:54"	16
90407	"我也看AOP"	"2004年03月24日, 星期三 10:12"	16
157058	"又想起JML"	"2004年05月15日, 星期六 19:53"	16
159329	"AspectJ不是正确的道路"	"2004年05月17日, 星期一 17:47"	16
159869	"什么是“好”？"	"2004年05月17日, 星期一 22:40"	16
182722	"为什么要AOP"	"2004年06月3日, 星期四 09:19"	16
233180	"九月，AOSD在北京"	"2004年07月8日, 星期四 17:48"	16
445098	"AOSD with Use Case"	"2004年12月8日, 星期三 16:33"	16
646694	"AOSD with Use Cases之心得第一"	"2005年04月23日, 星期六 22:59"	16
739285	"[收藏]The three kinds of aspect configuration"	"2005年06月6日, 星期一 11:21"	16
86813	"JSR 241：Groovy语言"	"2004年03月18日, 星期四 08:37"	17
88112	"浅尝Groovy：GroovyMarkup"	"2004年03月22日, 星期一 14:31"	17
113399	"怎么Groovy也有中文问题呀？"	"2004年04月12日, 星期一 16:36"	17
96158	"Potian的新家"	"2004年03月28日, 星期日 23:35"	18
179375	"学院派的贡献？"	"2004年05月31日, 星期一 19:58"	18
210418	"倪雨裳"	"2004年06月22日, 星期二 09:14"	18
221409	"七月七，相约Bertrand Meyer"	"2004年06月29日, 星期二 17:54"	18
238643	"险些误了大事"	"2004年07月13日, 星期二 08:49"	18
255548	"悼行知先生"	"2004年07月25日, 星期日 11:45"	18
232476	"“教父”离开了"	"2004年07月8日, 星期四 09:11"	18
512570	"Tsinghua就是出强人"	"2005年01月26日, 星期三 14:52"	18
733097	"我最近的偶像"	"2005年06月3日, 星期五 09:13"	18
829946	"J2EE奇才Rickard Oberg"	"2005年07月20日, 星期三 13:56"	18
835620	"投机者的大胜利"	"2005年07月22日, 星期五 14:12"	18
960259	"强力推荐Obie Fernandez"	"2005年09月8日, 星期四 09:44"	18
1212899	"Met Jon Tirsen (And Aptana)"	"2006年08月2日, 星期三 20:26"	18
102980	"怎样才算优秀的程序员"	"2004年04月4日, 星期日 11:51"	19
103882	"有必要吗？"	"2004年04月5日, 星期一 08:32"	19
84025	"关于“unavailable server”"	"2004年03月15日, 星期一 20:39"	20
117274	"Hessian原来支持overload"	"2004年04月15日, 星期四 13:41"	20
104552	"缓存也会出毛病"	"2004年04月5日, 星期一 18:56"	20
204604	"古怪的Hibernate性能问题"	"2004年06月17日, 星期四 23:48"	20
205856	"Hibernate性能问题解决"	"2004年06月18日, 星期五 20:34"	20
207025	"Castor问题解决"	"2004年06月19日, 星期六 18:03"	20
257682	"WebWork OGNL一个小问题"	"2004年07月26日, 星期一 17:26"	20
282739	"神秘的两次执行问题"	"2004年08月14日, 星期六 20:20"	20
327787	"Hessian异常传播的一个小问题"	"2004年09月16日, 星期四 09:24"	20
503885	"Arrays.asList(), huh?"	"2005年01月18日, 星期二 17:41"	20
701771	"如何在方法内部获得调用者信息"	"2005年05月20日, 星期五 09:56"	20
113138	"OSWorkflow基本概念"	"2004年04月12日, 星期一 14:24"	21
119788	"OSWorkflow概念：owner、caller和wfId"	"2004年04月17日, 星期六 16:30"	21
102280	"银狐的工作流"	"2004年04月3日, 星期六 19:43"	21
106028	"Shark第一印象"	"2004年04月6日, 星期二 20:48"	21
106491	"信息系统的中心"	"2004年04月7日, 星期三 11:40"	21
107566	"跟OSWorkflow奋斗一天"	"2004年04月7日, 星期三 23:19"	21
108228	"BeanShell的中文问题"	"2004年04月8日, 星期四 14:56"	21
108339	"OSWorkflow真灵活"	"2004年04月8日, 星期四 15:44"	21
109107	"OSWorkflow中BeanShell的运行环境"	"2004年04月8日, 星期四 22:38"	21
117530	"Weinberg的写作目标"	"2004年04月15日, 星期四 16:32"	22
118167	"Weinberg的谜语，以及“业务逻辑”"	"2004年04月16日, 星期五 09:15"	22
118504	"Weinberg的另一个故事"	"2004年04月16日, 星期五 12:55"	22
129654	"抬头游泳"	"2004年04月25日, 星期日 19:35"	22
150106	"咨询的秘密"	"2004年05月10日, 星期一 20:42"	22
153461	"八股文写作"	"2004年05月13日, 星期四 10:00"	22
185351	"帮助别人"	"2004年06月4日, 星期五 20:39"	22
567149	"培训延展到北京"	"2005年03月7日, 星期一 10:27"	22
1097233	"技术传播梦"	"2005年12月23日, 星期五 01:27"	22
1158892	"It Depends..."	"2006年03月27日, 星期一 02:08"	22
1194206	"成败论英雄"	"2006年06月11日, 星期日 14:50"	22
1203374	"团队文化的危险性"	"2006年07月6日, 星期四 17:31"	22
131646	"软件“工程”？"	"2004年04月27日, 星期二 11:08"	23
132380	"后现代的反动"	"2004年04月27日, 星期二 20:38"	23
153556	"被人盯上了"	"2004年05月13日, 星期四 10:58"	23
153906	"《软件工艺》上市在即"	"2004年05月13日, 星期四 15:23"	23
171709	"《软件工艺》上市了"	"2004年05月26日, 星期三 08:38"	23
203065	"话语体系及其颠覆"	"2004年06月16日, 星期三 22:30"	23
190538	"JavaEye讨论好热闹"	"2004年06月8日, 星期二 14:24"	23
279155	"什么是工程？"	"2004年08月11日, 星期三 20:15"	23
536455	"怎么会吵了起来"	"2005年02月15日, 星期二 18:08"	23
737969	"工程化的迷思与现实"	"2005年06月5日, 星期日 17:27"	23
1209217	"什么是软件工程"	"2006年07月22日, 星期六 22:29"	23
89608	"取舍"	"2004年03月23日, 星期二 15:39"	24
110790	"出名"	"2004年04月10日, 星期六 12:38"	24
125426	"我的信仰"	"2004年04月22日, 星期四 08:29"	24
130131	"我们这一代"	"2004年04月26日, 星期一 08:25"	24
102155	"巴厘人的生活"	"2004年04月3日, 星期六 12:57"	24
154599	"昨夜有梦"	"2004年05月13日, 星期四 22:23"	24
154957	"庄子?秋水第十七（摘）"	"2004年05月14日, 星期五 10:03"	24
157324	"只能让胖子失望了"	"2004年05月15日, 星期六 23:16"	24
149097	"一年，感动"	"2004年05月9日, 星期日 23:57"	24
333806	"Rubbish In, Rubbish Out"	"2004年09月20日, 星期一 08:57"	24
371092	"10月22日"	"2004年10月22日, 星期五 08:50"	24
509862	"婚姻感悟"	"2005年01月24日, 星期一 11:14"	24
545009	"无·有"	"2005年02月21日, 星期一 11:52"	24
523430	"最后一天"	"2005年02月3日, 星期四 16:29"	24
560593	"没有任何借口，huh？"	"2005年03月2日, 星期三 16:56"	24
753027	"灵感·写作提纲"	"2005年06月13日, 星期一 09:45"	24
760417	"生死"	"2005年06月16日, 星期四 23:01"	24
744005	"戒由相生or戒由心生：律宗一个老问题"	"2005年06月8日, 星期三 13:41"	24
859129	"梦到平山"	"2005年08月1日, 星期一 09:24"	24
948496	"成长?成熟"	"2005年09月2日, 星期五 10:33"	24
1057496	"Still Lost"	"2005年11月12日, 星期六 23:46"	24
1093657	"小令·千年"	"2005年12月18日, 星期日 23:15"	24
1144687	"时间就是财富"	"2006年03月4日, 星期六 19:27"	24
1223216	"我是重庆崽儿"	"2006年09月1日, 星期五 20:19"	24
1252965	"又到新年许愿时"	"2006年12月26日, 星期二 21:12"	24
284455	"梦到内河"	"2004年08月16日, 星期一 09:49"	25
622536	"帕格尼尼随想"	"2005年04月11日, 星期一 10:52"	25
615779	"[转载]魔鬼的颤音"	"2005年04月7日, 星期四 15:13"	25
615800	"无题，之于塔蒂尼与丹·布朗"	"2005年04月7日, 星期四 15:25"	25
1067701	"Remember the Name"	"2005年11月21日, 星期一 14:09"	25
1102953	"归来?魔鬼的颤音?杂感"	"2005年12月29日, 星期四 21:40"	25
1079459	"无奈与悲哀，以及逃避现实"	"2005年12月2日, 星期五 13:03"	25
1149661	"三年又三年"	"2006年03月12日, 星期日 00:40"	25
1155285	"单人房双人床"	"2006年03月21日, 星期二 02:14"	25
1248060	"Mad World"	"2006年12月5日, 星期二 09:42"	25
83789	"有所写，有所不写"	"2004年03月15日, 星期一 17:20"	26
117263	"程序员的觉醒??第14届Jolt奖获奖产品点评"	"2004年04月15日, 星期四 13:31"	26
696591	"ThoughtWorks的核心价值"	"2005年05月17日, 星期二 10:13"	26
680053	"理想主义"	"2005年05月9日, 星期一 10:06"	26
731965	"听Martin Fowler布道，激动万分"	"2005年06月2日, 星期四 17:07"	26
732034	"激动到不能行，记之以备忘"	"2005年06月2日, 星期四 17:45"	26
1077044	"灰领"	"2005年11月30日, 星期三 10:20"	26
1037854	"工作 vs. 业余（再次想起麦克卢汉）"	"2005年11月4日, 星期五 18:26"	26
1115272	"海滩上的思想者"	"2006年01月14日, 星期六 13:04"	26
1188562	"其实，大家都一样……"	"2006年05月29日, 星期一 10:34"	26
1218466	"深刻的问题，现成的答案"	"2006年08月18日, 星期五 18:52"	26
92367	"文债"	"2004年03月25日, 星期四 23:04"	"NotSelected"
95262	"憔悴"	"2004年03月28日, 星期日 00:49"	"NotSelected"
99992	"第六条毛毛虫"	"2004年03月31日, 星期三 20:36"	"NotSelected"
77328	"第一天，新的思考"	"2004年03月9日, 星期二 21:25"	"NotSelected"
77358	"重构思想"	"2004年03月9日, 星期二 22:00"	"NotSelected"
112483	"总算又完成一篇大杂烩文章"	"2004年04月11日, 星期日 20:19"	"NotSelected"
115182	"关于Multi-Paradigm"	"2004年04月13日, 星期二 20:36"	"NotSelected"
131568	"培训提纲"	"2004年04月27日, 星期二 09:59"	"NotSelected"
109691	"又两篇文章见报"	"2004年04月9日, 星期五 14:07"	"NotSelected"
149104	"已锁定"	"2004年05月10日, 星期一 00:10"	"NotSelected"
174138	"书评酝酿中"	"2004年05月27日, 星期四 23:21"	"NotSelected"
144551	"已锁定"	"2004年05月6日, 星期四 13:10"	"NotSelected"
196468	"又到周末"	"2004年06月12日, 星期六 00:10"	"NotSelected"
197422	"公开两篇文章"	"2004年06月12日, 星期六 20:01"	"NotSelected"
199515	"档次最高的裤腿追咬者"	"2004年06月14日, 星期一 15:30"	"NotSelected"
205899	"不得不服"	"2004年06月18日, 星期五 20:59"	"NotSelected"
187792	"感谢批评者"	"2004年06月6日, 星期日 17:37"	"NotSelected"
233991	"为身体欢呼"	"2004年07月9日, 星期五 10:32"	"NotSelected"
281194	"BlogDriver真搞笑"	"2004年08月13日, 星期五 16:22"	"NotSelected"
292027	"RSS是干嘛用的呢？"	"2004年08月21日, 星期六 21:29"	"NotSelected"
293773	"告别递归"	"2004年08月23日, 星期一 11:15"	"NotSelected"
313054	"MD5算法已被破解"	"2004年09月6日, 星期一 09:01"	"NotSelected"
355007	"Hunter X Hunter"	"2004年10月10日, 星期日 12:46"	"NotSelected"
468011	"Contributing to Eclipse上市在即"	"2004年12月23日, 星期四 10:27"	"NotSelected"
470194	"JavaOne in China"	"2004年12月24日, 星期五 17:53"	"NotSelected"
443431	"//TODO: ..."	"2004年12月7日, 星期二 17:35"	"NotSelected"
497566	"姓名算命"	"2005年01月11日, 星期二 16:56"	"NotSelected"
502793	"变态是一种生活态度"	"2005年01月17日, 星期一 16:55"	"NotSelected"
503904	"学会了用TrackBack"	"2005年01月18日, 星期二 18:06"	"NotSelected"
505591	"这就叫政治"	"2005年01月20日, 星期四 12:05"	"NotSelected"
510305	"又到制订计划时"	"2005年01月24日, 星期一 18:03"	"NotSelected"
519385	"真情致谢"	"2005年01月31日, 星期一 15:58"	"NotSelected"
556422	"最怕这种批评者"	"2005年02月28日, 星期一 10:51"	"NotSelected"
571622	"剃刀评论现在进行时"	"2005年03月10日, 星期四 17:11"	"NotSelected"
572714	"好玩的游戏：强权政治"	"2005年03月11日, 星期五 16:07"	"NotSelected"
601173	"关于出版的进度通报"	"2005年03月30日, 星期三 16:32"	"NotSelected"
568765	"流言是怎样炼成的"	"2005年03月8日, 星期二 17:35"	"NotSelected"
606027	"手机"	"2005年04月2日, 星期六 11:20"	"NotSelected"
698480	"Martin Fowler中国行日程安排"	"2005年05月18日, 星期三 11:48"	"NotSelected"
711621	"Martin Fowler中国行活动具体安排"	"2005年05月24日, 星期二 17:25"	"NotSelected"
679973	"Martin Fowler中国行"	"2005年05月9日, 星期一 09:26"	"NotSelected"
760443	"有足球的夏天很好"	"2005年06月16日, 星期四 23:14"	"NotSelected"
762685	"感动·微笑·不眠之夜"	"2005年06月18日, 星期六 04:38"	"NotSelected"
769556	"浮云亚，浮云~~~"	"2005年06月21日, 星期二 16:34"	"NotSelected"
778710	"拯救程序员王俊"	"2005年06月27日, 星期一 10:43"	"NotSelected"
829826	"随笔百则"	"2005年07月20日, 星期三 13:27"	"NotSelected"
851015	"J2EE without EJB中文版即将面世"	"2005年07月28日, 星期四 17:06"	"NotSelected"
789347	"头文字8"	"2005年07月3日, 星期日 13:46"	"NotSelected"
791025	"JavaChina开始报名"	"2005年07月4日, 星期一 16:54"	"NotSelected"
794509	"中国开发者2005大调查"	"2005年07月6日, 星期三 15:49"	"NotSelected"
926553	"J2EE Development without EJB样章试读"	"2005年08月17日, 星期三 17:03"	"NotSelected"
934688	"8月下旬上海行"	"2005年08月23日, 星期二 09:26"	"NotSelected"
936726	"怪癖串联（竟然那么快贴到我）"	"2005年08月24日, 星期三 17:39"	"NotSelected"
944514	"Formula of Lunch"	"2005年08月30日, 星期二 14:20"	"NotSelected"
879785	"开始在CSDN写BLOG"	"2005年08月8日, 星期一 15:29"	"NotSelected"
1016155	"论小资产阶级生活情调"	"2005年10月22日, 星期六 22:12"	"NotSelected"
1065993	"我的Blog很值钱"	"2005年11月19日, 星期六 19:08"	"NotSelected"
1071472	"在BlogDriver试用Google分析"	"2005年11月25日, 星期五 01:06"	"NotSelected"
1046041	"纪念白求恩"	"2005年11月7日, 星期一 15:50"	"NotSelected"
1092648	"搬家进行时"	"2005年12月16日, 星期五 21:18"	"NotSelected"
1100251	"走过2005"	"2005年12月26日, 星期一 22:36"	"NotSelected"
1112702	"[ZT]信息化与后现代的统一战线"	"2006年01月10日, 星期二 22:13"	"NotSelected"
1121153	"可以访问sf.net了"	"2006年01月22日, 星期日 12:57"	"NotSelected"
1140678	"[zz]跳槽经验总结"	"2006年02月26日, 星期日 16:51"	"NotSelected"
1160935	"在龙空看到了好玩的小说"	"2006年03月30日, 星期四 17:53"	"NotSelected"
1175102	"Martin Fowler Is Coming"	"2006年04月27日, 星期四 12:47"	"NotSelected"
1181049	"Martin Fowler邀您玩转“敏捷中国”"	"2006年05月12日, 星期五 13:47"	"NotSelected"
1187414	"值得关注的技术网站"	"2006年05月26日, 星期五 14:03"	"NotSelected"
1194193	"过去、现在与将来的写作"	"2006年06月11日, 星期日 14:16"	"NotSelected"
1199982	"放了自己，喊一嗓子"	"2006年06月27日, 星期二 12:30"	"NotSelected"
1209723	"Martin's Bliki，中文版"	"2006年07月24日, 星期一 17:56"	"NotSelected"
1212501	"8月10日CSDN聊天活动预告"	"2006年08月1日, 星期二 19:34"	"NotSelected"
1236545	"无心作博－迁移"	"2006年10月21日, 星期六 13:49"	"NotSelected"
1243288	"InfoQ-China发布在即，敬请关注支持"	"2006年11月15日, 星期三 21:30"	"NotSelected"
